candidate_id,source_a,raw_name_a,source_b,raw_name_b,sport,league,country,confidence,reason,sample_event_count,example_events,suggested_alias_key,risk_flags,human_decision,reviewer_notes
AC-0001,oddsportal,Gigantes San Francisco,pinnacle_basketball,Gigantes de Carolina,basketball,LNB,Dominican Republic,0.8834,both_sides_near,1,Heroes de Moca vs Gigantes San Francisco @ 2026-06-28T22:00:00+00:00,Gigantes de Carolina,weak_similarity,reject,Opponents never align: Gigantes de Carolina plays Puerto Rico Superior Nacional (Aguada/Santurce/Mayaguez) while pick side is Dominican LNB; league/country contradiction; 0 co-occurring fixtures. [operator-delegated AI review 2026-07-02]
AC-0002,oddsportal,Gigantes San Francisco,pinnacle_basketball,Indios de San Francisco de Macoris,basketball,LNB,Dominican Republic,0.6935,single_side_nearmiss,1,Heroes de Moca vs Gigantes San Francisco @ 2026-06-28T22:00:00+00:00,Indios de San Francisco de Macoris,weak_similarity|known_false_pattern,reject,"known_false_pattern (seed known-false list) — mandate reject. Tempted: 4 co-occurring LNB fixtures with identical opponents+kickoffs (Metros de Santiago 06-19, Heroes de Moca 06-25/27/28) suggest one franchise under two brandings, but one fixture (06-28) has H/A inverted; escalate to operator + golden _NOT_ADDED review before any approval. [operator-delegated AI review 2026-07-02]"
AC-0003,oddsportal,Heroes de Moca,pinnacle_basketball,Mets de Guaynabo,basketball,LNB,Dominican Republic,0.5655,both_sides_near,1,Heroes de Moca vs Gigantes San Francisco @ 2026-06-28T22:00:00+00:00,Mets de Guaynabo,weak_similarity,reject,Opponents never align (pick: Dominican LNB vs Reales/Gigantes; candidate: Puerto Rico Superior Nacional vs Leones/Piratas/Criollos); league/country contradiction; 0 co-occurrences. [operator-delegated AI review 2026-07-02]
AC-0004,oddsportal,Bay Hawks,pinnacle_basketball,Hawke's Bay Hawks,basketball,NBL,New Zealand,0.5632,single_side_nearmiss,13,Bay Hawks vs Taranaki Airs @ 2026-07-02T07:00:00+00:00,Hawke's Bay Hawks,weak_similarity|same_country_common_name|city_club_ambiguity,approve,"Co-occurs 3 fixtures identical opponents+kickoffs (Auckland Tuatara 06-20 04:00, Canterbury Rams 06-28 03:00, Taranaki Airs/Mountainairs 07-02 07:00), NZ NBL both sides, orientation consistent; 'Bay Hawks' is the standard short form of Hawke's Bay Hawks; no marker conflict; no other Bay Hawks in warehouse. [operator-delegated AI review 2026-07-02]"
AC-0005,oddsportal,Tauranga Whai,pinnacle_basketball,Whai,basketball,NBL,New Zealand,0.4423,single_side_nearmiss,1,Franklin Bulls vs Tauranga Whai @ 2026-06-27T07:30:00+00:00,Whai,weak_similarity|city_club_ambiguity,approve,"Co-occurs 3 fixtures identical opponents+kickoffs (Canterbury Rams 06-19 07:30, Southland Sharks 06-24 07:00, Franklin Bulls 06-27 07:30), NZ NBL, orientation consistent; 'Whai' is Pinnacle's short form of Tauranga Whai; no other Whai in warehouse. [operator-delegated AI review 2026-07-02]"
AC-0006,oddsportal,Frankston,pinnacle_basketball,Frankston Blues,basketball,NBL1 South,Australia,0.9200,both_sides_near,4,Ringwood vs Frankston @ 2026-06-30T10:00:00+00:00; Frankston vs Knox @ 2026-06-27T10:00:00+00:00,Frankston Blues,city_club_ambiguity,approve,"Pick schedule == archive schedule across 3 fixtures at identical kickoffs, NBL1 South both sides: Dandenong (Rangers) 06-20 09:30, Knox (Raiders) 06-27 10:00, Ringwood (Hawks) 06-30 10:00 — opponents are the corresponding vetted short-forms; benign nickname suffix; women's twin exists only under the marked NBL1 Women league, no name marker crossed. [operator-delegated AI review 2026-07-02]"
AC-0007,oddsportal,Kilsyth,pinnacle_basketball,Kilsyth Cobras,basketball,NBL1 South,Australia,0.9000,both_sides_near,6,Ringwood vs Kilsyth @ 2026-07-02T10:00:00+00:00,Kilsyth Cobras,city_club_ambiguity,approve,"Co-occurs 3 fixtures identical kickoffs, NBL1 South (MT Gambier Pioneers 06-19 11:30, Diamond Valley Eagles 06-27 09:30, Ringwood Hawks 07-02 10:00), orientation consistent; benign nickname suffix (Cobras). [operator-delegated AI review 2026-07-02]"
AC-0008,oddsportal,Knox,pinnacle_basketball,Knox Raiders,basketball,NBL1 South,Australia,0.8667,both_sides_near,2,Frankston vs Knox @ 2026-06-27T10:00:00+00:00,Knox Raiders,weak_similarity|city_club_ambiguity,approve,"Co-occurs 3 fixtures identical kickoffs, NBL1 South (Waverley Falcons 06-20 10:00, Frankston Blues 06-27 10:00, MT Gambier Pioneers 07-03 10:30), orientation consistent; benign nickname suffix (Raiders). [operator-delegated AI review 2026-07-02]"
AC-0009,oddsportal,Ringwood,pinnacle_basketball,Ringwood Hawks,basketball,NBL1 South,Australia,0.9143,both_sides_near,8,Ringwood vs Kilsyth @ 2026-07-02T10:00:00+00:00; Ringwood vs Frankston @ 2026-06-30T10:00:00+00:00,Ringwood Hawks,same_country_common_name|city_club_ambiguity,approve,"Co-occurs 4 fixtures identical kickoffs, NBL1 South, incl. exact opponent Keilor Thunder 06-27 10:00 (also Nunawading Spectres 06-20, Frankston Blues 06-30, Kilsyth Cobras 07-02); benign nickname suffix (Hawks). [operator-delegated AI review 2026-07-02]"
AC-0010,oddsportal,COD Meknes,pinnacle_soccer,CODM Meknes,soccer,Botola Pro,Morocco,0.9555,single_side_nearmiss,1,COD Meknes vs FAR Rabat @ 2026-07-02T17:00:00+00:00,CODM Meknes,,approve,"Co-occurs 2 fixtures identical exact opponents+kickoffs (Hassania Agadir 06-25 17:00, FAR Rabat 07-02 17:00), Botola Pro both sides, orientation consistent; COD/CODM abbreviation variant of the same Meknes club. [operator-delegated AI review 2026-07-02]"
AC-0011,oddsportal,Dcheira,pinnacle_soccer,Olympique Dcheira,soccer,Botola Pro,Morocco,0.3011,both_sides_near,2,Dcheira vs Olympique de Safi @ 2026-07-02T17:00:00+00:00,Olympique Dcheira,weak_similarity|city_club_ambiguity,approve,"Co-occurs 3 fixtures identical kickoffs+orientation, Botola Pro (FAR Rabat 06-18 14:00 exact, Ittihad Tanger 06-25 17:00, Olympic Safi 07-02 17:00); only one Botola club from Dcheira; benign 'Olympique' prefix drop. [operator-delegated AI review 2026-07-02]"
AC-0012,oddsportal,IR Tanger,pinnacle_soccer,Ittihad Tanger,soccer,Botola Pro,Morocco,0.7818,single_side_nearmiss,2,Union Touarga vs IR Tanger @ 2026-07-02T17:00:00+00:00,Ittihad Tanger,weak_similarity,approve,"Co-occurs 2 fixtures identical kickoffs+orientation, Botola Pro (Union Touarga 07-02 17:00 exact, Olympique Dcheira 06-25 17:00); IR = Ittihad Riadi abbreviation of the same Tanger club. [operator-delegated AI review 2026-07-02]"
AC-0013,oddsportal,Olympique de Safi,pinnacle_soccer,Olympic Safi,soccer,Botola Pro,Morocco,0.9127,both_sides_near,2,Dcheira vs Olympique de Safi @ 2026-07-02T17:00:00+00:00,Olympic Safi,,approve,"Co-occurs 3 fixtures identical kickoffs+orientation, Botola Pro (RS Berkane 06-18 14:00 exact, Renaissance Zemamra 06-25 17:00 exact, Dcheira 07-02 17:00); Olympique-de/Olympic form variant. [operator-delegated AI review 2026-07-02]"
AC-0014,oddsportal,Gremio Juventus,pinnacle_soccer,Juventus SC,soccer,Catarinense 2,Brazil,0.4611,single_side_nearmiss,1,Blumenau vs Gremio Juventus @ 2026-07-01T18:00:00+00:00,Juventus SC,weak_similarity|city_club_ambiguity|known_false_pattern,reject,"known_false_pattern (literal seed known-false pair, golden _NOT_ADDED) — mandate reject. Tempted: 2 exact co-occurrences (Nacao 06-17 22:30, Blumenau 07-01 18:00, Catarinense 2 both sides) strongly suggest the same club (GE Juventus Jaragua); escalate to operator — do not approve without updating the golden list. [operator-delegated AI review 2026-07-02]"
AC-0015,oddsportal,A. Salzburg,pinnacle_soccer,Austria Salzburg,soccer,Club Friendly,World,0.7825,both_sides_near,1,A. Salzburg vs Tirol @ 2026-07-01T16:30:00+00:00,Austria Salzburg,weak_similarity,reject,"Thin evidence: single co-occurring fixture (07-01 vs Tirol/WSG Tirol, opponent itself an unvetted near-pair); fewer than 2 fixtures — likely Austria Salzburg but insufficient warehouse proof; re-export next batch. [operator-delegated AI review 2026-07-02]"
AC-0016,oddsportal,Altona,pinnacle_soccer,Altona 93,soccer,Club Friendly,World,0.9333,single_side_nearmiss,4,Altona vs St. Pauli @ 2026-06-30T16:00:00+00:00,Altona 93,city_club_ambiguity,reject,"Thin evidence: 1 co-occurring fixture only (St. Pauli 06-30 16:00, exact opponent+kickoff); fewer than 2 fixtures — reject per rule. [operator-delegated AI review 2026-07-02]"
AC-0017,oddsportal,Annan,pinnacle_soccer,Annan Athletic,soccer,Club Friendly,World,0.8714,single_side_nearmiss,1,Gretna 2008 vs Annan @ 2026-06-30T18:45:00+00:00,Annan Athletic,weak_similarity|city_club_ambiguity|known_false_pattern,reject,"known_false_pattern flag ('athletic' disambiguating-token class) — mandate reject. Tempted: 2 exact co-occurrences (Johnstone Burgh 06-23, Gretna 2008 06-30); escalate if recall wanted. [operator-delegated AI review 2026-07-02]"
AC-0018,oddsportal,Brno,pinnacle_soccer,Zbrojovka Brno,soccer,Club Friendly,World,0.6548,both_sides_near,1,Tiszakecske vs Brno @ 2026-07-01T15:00:00+00:00,Zbrojovka Brno,weak_similarity|city_club_ambiguity,approve,"Co-occurs 3 fixtures identical kickoffs (SK Prostejov 06-23 15:00, Nyiregyhaza Spartacus 06-30 15:00, Tiszakecskei LC 07-01 15:00) — pick 'Brno' schedule is exactly Zbrojovka's; friendly H/A flips exist in the source data but opponents+times align 3/3; no other Brno team in warehouse. [operator-delegated AI review 2026-07-02]"
AC-0019,oddsportal,Chojniczanka,pinnacle_soccer,Chojniczanka Chojnice,soccer,Club Friendly,World,0.9143,both_sides_near,5,Chojniczanka vs Petrolul @ 2026-07-02T15:00:00+00:00,Chojniczanka Chojnice,city_club_ambiguity,reject,"Thin evidence: 1 co-occurring fixture (Petrolul 07-02, opponent itself an unvetted pair); fewer than 2 fixtures. [operator-delegated AI review 2026-07-02]"
AC-0020,oddsportal,Corvinul,pinnacle_soccer,Corvinul Hunedoara,soccer,Club Friendly,World,0.8889,single_side_nearmiss,3,Koper vs Corvinul @ 2026-07-02T16:00:00+00:00,Corvinul Hunedoara,weak_similarity|city_club_ambiguity,reject,Thin evidence: 1 exact co-occurring fixture (Koper 07-02 16:00); other pick fixtures have no archive counterpart; fewer than 2. [operator-delegated AI review 2026-07-02]
AC-0021,oddsportal,Din. Zagreb,pinnacle_soccer,Dinamo Zagreb,soccer,Club Friendly,World,0.9112,both_sides_near,6,Grosuplje vs Din. Zagreb @ 2026-07-02T16:30:00+00:00,Dinamo Zagreb,,reject,"Thin evidence: 1 co-occurring fixture (Grosuplje 07-02, opponent an unvetted near-pair); fewer than 2 despite the obvious abbreviation — re-export next batch. [operator-delegated AI review 2026-07-02]"
AC-0022,oddsportal,FC Arges,pinnacle_soccer,Arges Pitesti,soccer,Club Friendly,World,0.8769,both_sides_near,6,FC Arges vs Vllaznia @ 2026-06-29T16:00:00+00:00; Jadran Dekani vs FC Arges @ 2026-07-02T16:00:00+00:00,Arges Pitesti,weak_similarity|city_club_ambiguity,approve,"Co-occurs 2 fixtures identical kickoffs (Jadran Dekani 07-02 16:00 exact opponent, Vllaznia Shkoder 06-29 16:00); FC Arges IS Arges Pitesti (one club, Pitesti); friendlies both sides. [operator-delegated AI review 2026-07-02]"
AC-0023,oddsportal,Grasshoppers,pinnacle_soccer,Grasshopper Club Zurich,soccer,Club Friendly,World,0.9056,single_side_nearmiss,4,Cham vs Grasshoppers @ 2026-07-01T16:30:00+00:00,Grasshopper Club Zurich,,reject,Thin evidence: 1 exact co-occurring fixture (Cham 07-01 16:30); fewer than 2 — unambiguous name but insufficient warehouse proof; re-export next batch. [operator-delegated AI review 2026-07-02]
AC-0024,oddsportal,Grosuplje,pinnacle_soccer,Brinje Grosuplje,soccer,Club Friendly,World,0.6875,both_sides_near,6,Grosuplje vs Din. Zagreb @ 2026-07-02T16:30:00+00:00,Brinje Grosuplje,weak_similarity|city_club_ambiguity,approve,"Co-occurs 2 fixtures identical kickoffs+orientation (HNK Rijeka 06-30 16:30, Dinamo Zagreb 07-02 16:30); Brinje Grosuplje is the only Grosuplje club; benign 'Brinje' prefix drop. [operator-delegated AI review 2026-07-02]"
AC-0025,oddsportal,Neftci Baku,pinnacle_soccer,Neftchi,soccer,Club Friendly,World,0.8805,single_side_nearmiss,1,Neftci Baku vs CFR Cluj @ 2026-07-02T16:00:00+00:00,Neftchi,weak_similarity,reject,Thin evidence: 1 exact co-occurring fixture (CFR Cluj 07-02 16:00); fewer than 2. [operator-delegated AI review 2026-07-02]
AC-0026,oddsportal,Petrolul,pinnacle_soccer,Petrolul Ploiesti,soccer,Club Friendly,World,0.8941,both_sides_near,5,Chojniczanka vs Petrolul @ 2026-07-02T15:00:00+00:00,Petrolul Ploiesti,weak_similarity|city_club_ambiguity,approve,"Co-occurs 3 fixtures identical kickoffs+orientation (Olimpia Grudziadz 06-30 12:00, Chojniczanka 07-02 15:00, Arka Gdynia 07-03 09:00 exact); Petrolul is unambiguously the Ploiesti club. [operator-delegated AI review 2026-07-02]"
AC-0027,oddsportal,Plzen,pinnacle_soccer,Viktoria Plzen,soccer,Club Friendly,World,0.0000,both_sides_near,2,Plzen vs Trnava @ 2026-07-01T15:00:00+00:00,Viktoria Plzen,weak_similarity|city_club_ambiguity,reject,"Thin evidence: 1 co-occurring fixture (Trnava pair 07-01, opponent unvetted); fewer than 2 — obviously Viktoria Plzen but insufficient warehouse proof; re-export next batch. [operator-delegated AI review 2026-07-02]"
AC-0028,oddsportal,Queen's Park,pinnacle_soccer,Queens Park,soccer,Club Friendly,World,0.9652,single_side_nearmiss,2,Clyde vs Queen's Park @ 2026-06-30T18:45:00+00:00,Queens Park,,reject,Thin evidence: single distinct fixture (Clyde 06-30 18:45; archive double-captured both orientations); fewer than 2 despite punctuation-only difference — re-export next batch. [operator-delegated AI review 2026-07-02]
AC-0029,oddsportal,Raith,pinnacle_soccer,Raith Rovers,soccer,Club Friendly,World,0.8833,single_side_nearmiss,1,Raith vs Edinburgh City @ 2026-06-30T18:30:00+00:00,Raith Rovers,weak_similarity|city_club_ambiguity|known_false_pattern,reject,known_false_pattern ('rovers' disambiguating-token class) — mandate reject; also only 1 co-occurring fixture (Edinburgh City 06-30). [operator-delegated AI review 2026-07-02]
AC-0030,oddsportal,Sabah Baku,pinnacle_soccer,Sabah FK,soccer,Club Friendly,World,0.9000,single_side_nearmiss,1,Polissya Zhytomyr vs Sabah Baku @ 2026-07-02T15:00:00+00:00,Sabah FK,city_club_ambiguity,reject,"Archive name 'Sabah FK' is ambiguous across real clubs: the same archive name carries Azerbaijani friendlies (Universitatea Craiova 06-24, Polissya Zhytomyr 07-02, Ferencvaros 06-28) AND a Malaysia President Cup U20 event 06-25 (Johor Darul Ta'zim III) — canonical key spans two teams; reject on doubt despite 2 co-occurring fixtures. [operator-delegated AI review 2026-07-02]"
AC-0031,oddsportal,Sporting Lokeren,pinnacle_soccer,Lokeren-Temse,soccer,Club Friendly,World,0.6110,single_side_nearmiss,1,Sporting Lokeren vs Oudenaarde @ 2026-07-01T17:00:00+00:00,Lokeren-Temse,weak_similarity,reject,Thin evidence: 1 co-occurring fixture (Oudenaarde 07-01 17:00) with H/A inverted across sources; fewer than 2. [operator-delegated AI review 2026-07-02]
AC-0032,oddsportal,Tirol,pinnacle_soccer,WSG Tirol,soccer,Club Friendly,World,0.0000,both_sides_near,1,A. Salzburg vs Tirol @ 2026-07-01T16:30:00+00:00,WSG Tirol,weak_similarity|city_club_ambiguity,reject,"Thin evidence: 1 co-occurring fixture (Salzburg pair 07-01, opponent unvetted); bare 'Tirol' ambiguous; fewer than 2. [operator-delegated AI review 2026-07-02]"
AC-0033,oddsportal,Tiszakecske,pinnacle_soccer,Tiszakecskei LC,soccer,Club Friendly,World,0.9467,both_sides_near,1,Tiszakecske vs Brno @ 2026-07-01T15:00:00+00:00,Tiszakecskei LC,,reject,Thin evidence: 1 co-occurring fixture (Brno pair 07-01); fewer than 2. [operator-delegated AI review 2026-07-02]
AC-0034,oddsportal,Trnava,pinnacle_soccer,Spartak Trnava,soccer,Club Friendly,World,0.5675,both_sides_near,2,Plzen vs Trnava @ 2026-07-01T15:00:00+00:00,Spartak Trnava,weak_similarity|city_club_ambiguity|known_false_pattern,reject,"known_false_pattern flag — mandate reject; also thin (1 fixture, opponent pair unvetted); bare 'Trnava' is a city name. [operator-delegated AI review 2026-07-02]"
AC-0035,oddsportal,Vllaznia,pinnacle_soccer,Vllaznia Shkoder,soccer,Club Friendly,World,0.9000,both_sides_near,4,FC Arges vs Vllaznia @ 2026-06-29T16:00:00+00:00,Vllaznia Shkoder,city_club_ambiguity,approve,"Co-occurs 2 fixtures identical kickoffs+orientation (Olimpija Ljubljana 06-23 16:00, Arges Pitesti 06-29 16:00); Vllaznia is the universal short form of the Shkoder club; no other Vllaznia in warehouse. [operator-delegated AI review 2026-07-02]"
AC-0036,oddsportal,Zaglebie,pinnacle_soccer,Zaglebie Lubin,soccer,Club Friendly,World,0.9143,single_side_nearmiss,1,Zaglebie vs Podbrezova @ 2026-07-01T15:00:00+00:00,Zaglebie Lubin,city_club_ambiguity|known_false_pattern,reject,known_false_pattern (literal seed known-false) — bare 'Zaglebie' is genuinely ambiguous (Zaglebie Lubin vs Zaglebie Sosnowiec); reject despite the Podbrezova 07-01 exact co-occurrence; generic-base = CD-Nacional class. [operator-delegated AI review 2026-07-02]
AC-0037,oddsportal,A. Italiano,pinnacle_soccer,Audax Italiano,soccer,Copa Chile,Chile,0.8093,single_side_nearmiss,1,A. Italiano vs Palestino @ 2026-06-30T22:00:00+00:00,Audax Italiano,weak_similarity,approve,"Co-occurs 3 fixtures, Copa Chile both sides (Palestino 06-24 00:30 + 06-30 22:00 exact opponent+kickoff, Deportes Santa Cruz 06-19 23:00); A. = Audax abbreviation; archive-side Women entries live under the marked Primera Division Women league only. [operator-delegated AI review 2026-07-02]"
AC-0038,oddsportal,Copiapo,pinnacle_soccer,Deportes Copiapo,soccer,Copa Chile,Chile,0.4405,both_sides_near,1,Everton vs Copiapo @ 2026-06-26T23:00:00+00:00,Deportes Copiapo,weak_similarity|city_club_ambiguity,reject,"Thin evidence: 1 co-occurring fixture (Everton 06-26, opponent pair itself known-false-flagged); fewer than 2. [operator-delegated AI review 2026-07-02]"
AC-0039,oddsportal,Everton,pinnacle_soccer,Everton Vina del Mar,soccer,Copa Chile,Chile,0.8700,both_sides_near,2,U. Catolica vs Everton @ 2026-07-01T00:30:00+00:00; Everton vs Copiapo @ 2026-06-26T23:00:00+00:00,Everton Vina del Mar,weak_similarity|city_club_ambiguity|known_false_pattern,reject,"known_false_pattern (literal seed known-false) — bare 'Everton' collides with the English club; generic-base CD-Nacional class, never alias; schedule alignment exists (06-24/06-26/07-01) but recall must come from a scoped fix. [operator-delegated AI review 2026-07-02]"
AC-0040,oddsportal,U. Catolica,pinnacle_soccer,Universidad Catolica,soccer,Copa Chile,Chile,0.5650,both_sides_near,1,U. Catolica vs Everton @ 2026-07-01T00:30:00+00:00,Universidad Catolica,weak_similarity,approve,"Co-occurs 2 fixtures identical kickoffs+orientation (Everton Vina del Mar 06-24 00:30 A, 07-01 00:30 H), Copa Chile both sides; U. = Universidad abbreviation of the same generic full form (Ecuadorian namesake noted: alias maps like-to-like, kickoff+opponent gates disambiguate). [operator-delegated AI review 2026-07-02]"
AC-0041,oddsportal,U. De Chile,pinnacle_soccer,Universidad de Chile,soccer,Copa Chile,Chile,0.5950,single_side_nearmiss,1,U. De Chile vs Union La Calera @ 2026-07-02T00:30:00+00:00,Universidad de Chile,weak_similarity,approve,"Co-occurs 3 fixtures exact opponents+kickoffs (O'Higgins 06-19 00:00, Union La Calera 06-24 23:30 + 07-02 00:30), Chile Primera/Cup consistent; U. De = Universidad de abbreviation. [operator-delegated AI review 2026-07-02]"
AC-0042,oddsportal,U. De Concepcion,pinnacle_soccer,Universidad de Concepcion,soccer,Copa Chile,Chile,0.7700,single_side_nearmiss,1,U. De Concepcion vs Nublense @ 2026-07-01T19:00:00+00:00,Universidad de Concepcion,weak_similarity|same_country_common_name,approve,"Co-occurs 2 fixtures exact opponent+kickoff+orientation (Nublense 06-25 23:30 A, 07-01 19:00 H), Copa Chile; abbreviation expansion; Women/basketball twins live under marked leagues only. [operator-delegated AI review 2026-07-02]"
AC-0043,oddsportal,Airbus,pinnacle_soccer,Airbus UK Broughton,soccer,Cymru North,Wales,0.8632,single_side_nearmiss,2,Airbus vs Mold Alexandra @ 2026-06-30T18:30:00+00:00,Airbus UK Broughton,weak_similarity|city_club_ambiguity,reject,Thin evidence: 1 co-occurring fixture (Mold Alexandra 06-30 18:30) with H/A inverted and league label mismatch (Cymru North vs Club Friendlies); fewer than 2. [operator-delegated AI review 2026-07-02]
AC-0044,oddsportal,Kopavogur,pinnacle_soccer,HK Kopavogur,soccer,Division 1,Iceland,0.9167,single_side_nearmiss,2,Grotta vs Kopavogur @ 2026-07-03T19:15:00+00:00,HK Kopavogur,city_club_ambiguity,approve,"Co-occurs 2 fixtures exact opponents+kickoffs+orientation (Fylkir 06-26 19:15 A, Grotta 07-03 19:15 A), Iceland 1. Deild both sides; warehouse has no other Kopavogur team; benign HK prefix drop. [operator-delegated AI review 2026-07-02]"
AC-0045,oddsportal,Benjamin Aceval,pinnacle_soccer,Club Doctor Benjamín Aceval,soccer,Division Intermedia,Paraguay,0.7717,single_side_nearmiss,1,Independiente FBC vs Benjamin Aceval @ 2026-06-30T21:00:00+00:00,Club Doctor Benjamín Aceval,weak_similarity|city_club_ambiguity,reject,Thin evidence: 1 exact co-occurring fixture (Independiente FBC 06-30 21:00); fewer than 2 despite exact opponent+kickoff. [operator-delegated AI review 2026-07-02]
AC-0046,oddsportal,Shanghai Port,pinnacle_soccer,Shanghai Segenda,soccer,FA Cup,,0.8184,both_sides_near,1,Shanghai Second vs Shanghai Port @ 2026-06-19T07:30:00+00:00,Shanghai Segenda,weak_similarity,reject,Wrong-game class: Shanghai Port and Shanghai Segenda are the two OPPOSING clubs of the same 06-19 FA Cup fixture (both_sides_near cross-pair); opponents never align; never alias. [operator-delegated AI review 2026-07-02]
AC-0047,oddsportal,Shanghai Second,pinnacle_soccer,Shanghai Port,soccer,FA Cup,,0.8579,both_sides_near,1,Shanghai Second vs Shanghai Port @ 2026-06-19T07:30:00+00:00,Shanghai Port,weak_similarity,reject,Wrong-game class: opposing clubs of the same 06-19 FA Cup fixture; Shanghai Port (CSL) is a different club from Shanghai Second; opponents never align. [operator-delegated AI review 2026-07-02]
AC-0048,oddsportal,Shanghai Second,pinnacle_soccer,Shanghai Segenda,soccer,FA Cup,,0.9358,single_side_nearmiss,2,Shanghai Second vs Shanghai Port @ 2026-06-19T07:30:00+00:00; Shanghai Second vs Dalian Yingbo B @ 2026-06-23T08:00:00+00:00,Shanghai Segenda,,approve,Co-occurs 2 fixtures exact opponents+kickoffs+orientation (H vs Shanghai Port 06-19 07:30 FA Cup; H vs Dalian Yingbo B/II 06-23 08:00 League Two); 'Segenda' is Pinnacle's rendering of the same 'Second' entity; leagues consistent both fixtures. [operator-delegated AI review 2026-07-02]
AC-0049,oddsportal,Hegelmann Litauen 2,pinnacle_soccer,Hegelmann II,soccer,I Lyga,Lithuania,0.9059,both_sides_near,4,Zalgiris 2 vs Hegelmann Litauen 2 @ 2026-07-02T15:00:00+00:00,Hegelmann II,,reject,"Thin evidence: 1 co-occurring fixture (Zalgiris 2 pair 07-02, opponent unvetted and itself ambiguous); reserve markers consistent but fewer than 2 fixtures. [operator-delegated AI review 2026-07-02]"
AC-0050,oddsportal,Siauliai 2,pinnacle_soccer,FA Siauliai II,soccer,I Lyga,Lithuania,0.7633,single_side_nearmiss,4,Siauliai 2 vs Tauras Taurage @ 2026-07-01T15:00:00+00:00,FA Siauliai II,weak_similarity,reject,Thin evidence: 1 exact co-occurring fixture (Tauras Taurage 07-01 15:00); fewer than 2. [operator-delegated AI review 2026-07-02]
AC-0051,oddsportal,Zalgiris 2,pinnacle_soccer,Vilnius Zalgiris II,soccer,I Lyga,Lithuania,0.5000,both_sides_near,4,Zalgiris 2 vs Hegelmann Litauen 2 @ 2026-07-02T15:00:00+00:00,Vilnius Zalgiris II,weak_similarity,reject,'Zalgiris 2' is ambiguous between Kauno Zalgiris II and Vilnius Zalgiris II (two real I Lyga reserve sides) and only 1 co-occurring fixture (Hegelmann pair 07-02); reject. [operator-delegated AI review 2026-07-02]
AC-0052,oddsportal,Dodoma Jiji,pinnacle_soccer,Dodoma,soccer,Ligi Kuu Bara,Tanzania,0.9091,single_side_nearmiss,2,Azam vs Dodoma Jiji @ 2026-06-30T13:00:00+00:00,Dodoma,city_club_ambiguity,approve,"Co-occurs 2 distinct fixtures exact opponents+kickoffs+orientation (JKT Tanzania 06-24 13:00 H, Azam 06-30 13:00 A), Tanzania top flight both sides; archive's bare 'Dodoma' is Dodoma Jiji FC — no other Dodoma team in warehouse. [operator-delegated AI review 2026-07-02]"
AC-0053,oddsportal,Minnesota 2,pinnacle_soccer,Minnesota United II,soccer,MLS Next Pro,USA,0.8653,single_side_nearmiss,1,Los Angeles FC 2 vs Minnesota 2 @ 2026-06-25T02:00:00+00:00,Minnesota United II,weak_similarity|same_country_common_name|known_false_pattern,reject,"known_false_pattern ('united' disambiguating-token class) — mandate reject. Tempted: 2 exact co-occurrences (Los Angeles FC 2/II 06-25 02:00, Tacoma Defiance 06-29 00:00, MLS Next Pro both sides); escalate to operator for a whitelisted exception if recall wanted. [operator-delegated AI review 2026-07-02]"
AC-0054,oddsportal,Broadmeadow,pinnacle_soccer,Broadmeadow Magic,soccer,NPL Northern NSW,Australia,0.9294,both_sides_near,2,Broadmeadow vs Weston Bears @ 2026-06-28T05:00:00+00:00,Broadmeadow Magic,city_club_ambiguity,approve,"Co-occurs 2 fixtures identical kickoffs+orientation (Belmont Swansea United 06-20 05:00 A exact, Weston 06-28 05:00 H), NPL Northern NSW both sides; Broadmeadow Magic is the only Broadmeadow club; reserves/women twins live under marked leagues only. [operator-delegated AI review 2026-07-02]"
AC-0055,oddsportal,Weston Bears,pinnacle_soccer,Weston Workers,soccer,NPL Northern NSW,Australia,0.8895,both_sides_near,4,Broadmeadow vs Weston Bears @ 2026-06-28T05:00:00+00:00; Cooks Hill United vs Weston Bears @ 2026-06-20T04:00:00+00:00,Weston Workers,weak_similarity,approve,"Co-occurs 2 fixtures identical kickoffs+orientation (Cooks Hill United 06-20 04:00 A exact, Broadmeadow Magic 06-28 05:00 A), NPL Northern NSW; the club's full name is Weston Workers Bears FC — both names truncate it; no other Weston club in warehouse. [operator-delegated AI review 2026-07-02]"
AC-0056,oddsportal,NE Metrostars,pinnacle_soccer,MetroStars,soccer,NPL South Australia,Australia,0.8897,both_sides_near,1,Para vs NE Metrostars @ 2026-06-27T05:30:00+00:00,MetroStars,weak_similarity|city_club_ambiguity,reject,Thin evidence: 1 co-occurring fixture (Para pair 06-27); fewer than 2 — NE Metrostars is plausibly the same club (North Eastern MetroStars) but insufficient warehouse proof; re-export next batch. [operator-delegated AI review 2026-07-02]
AC-0057,oddsportal,Para,pinnacle_soccer,Para Hills Knights,soccer,NPL South Australia,Australia,0.8444,both_sides_near,1,Para vs NE Metrostars @ 2026-06-27T05:30:00+00:00,Para Hills Knights,weak_similarity|same_country_common_name|city_club_ambiguity,approve,"Co-occurs 2 fixtures identical kickoffs+orientation (Sturt Lions 06-20 05:30 A exact, MetroStars 06-27 05:30 H), NPL South Australia both sides; bare 'Para' schedule matches Para Hills Knights 2/2 and warehouse has no other Para team. [operator-delegated AI review 2026-07-02]"
AC-0058,oddsportal,Playford Patriots,pinnacle_soccer,Playford City,soccer,NPL South Australia,Australia,0.8805,single_side_nearmiss,1,Playford Patriots vs FK Beograd @ 2026-06-27T05:30:00+00:00,Playford City,weak_similarity|same_country_common_name|known_false_pattern,reject,"known_false_pattern (literal seed known-false Playford Patriots/Playford City) — mandate reject. Tempted: 2 exact co-occurrences (Campbelltown City 06-20, FK Beograd 06-27) suggest one renamed club; escalate before any approval. [operator-delegated AI review 2026-07-02]"
AC-0059,oddsportal,Bayswater,pinnacle_soccer,Bayswater City,soccer,NPL Western Australia,Australia,0.9286,single_side_nearmiss,1,Bayswater vs Perth RedStar @ 2026-06-26T11:00:00+00:00,Bayswater City,same_country_common_name|city_club_ambiguity|known_false_pattern,reject,known_false_pattern (the canonical Bayswater/Bayswater City wrong-game example) — mandate reject; also only 1 co-occurring fixture (Perth RedStar 06-26). [operator-delegated AI review 2026-07-02]
AC-0060,oddsportal,Bankstown City Lions,pinnacle_soccer,Fremantle City,soccer,NSW League One,Australia,0.5865,both_sides_near,2,Western City Rangers vs Bankstown City Lions @ 2026-06-27T09:00:00+00:00,Fremantle City,weak_similarity|same_country_common_name,reject,Opponents never align; league/country contradiction (pick NSW League One vs archive NPL Western Australia) — Bankstown City Lions and Fremantle City are unrelated clubs. [operator-delegated AI review 2026-07-02]
AC-0061,oddsportal,Western City Rangers,pinnacle_soccer,Western Knights,soccer,NSW League One,Australia,0.8726,both_sides_near,2,Western City Rangers vs Bankstown City Lions @ 2026-06-27T09:00:00+00:00,Western Knights,weak_similarity|same_country_common_name|known_false_pattern,reject,known_false_pattern (literal seed known-false) + league contradiction (pick NSW vs archive Western Australia); opponents never align. [operator-delegated AI review 2026-07-02]
AC-0062,oddsportal,Al Riyadi Abbasiyah,pinnacle_soccer,Al Riyadi Abassiya,soccer,Premier League,Ethiopia,0.9678,both_sides_near,1,Al Riyadi Abbasiyah vs Racing @ 2026-07-02T13:00:00+00:00,Al Riyadi Abassiya,,approve,"Co-occurs 2 fixtures identical kickoffs+orientation (Shabab Al Sahel 06-24 13:00 A, Racing Beirut 07-02 13:00 H); Abbasiyah/Abassiya transliteration of one club; both sides are Lebanon Premier League — pick-side 'Ethiopia' country is the known OddsPortal league-identity mislabel, clubs themselves consistent. [operator-delegated AI review 2026-07-02]"
AC-0063,oddsportal,Al Sahel,pinnacle_soccer,Shabab Al Sahel,soccer,Premier League,Ethiopia,0.6056,both_sides_near,2,Jwayya vs Al Sahel @ 2026-07-02T12:30:00+00:00,Shabab Al Sahel,weak_similarity|city_club_ambiguity,approve,"Co-occurs 2 fixtures identical kickoffs+orientation (Al Riyadi 06-24 13:00 H, Jwaya 07-02 12:30 A), Lebanon PL both sides (pick-side Ethiopia label is the known mislabel); benign 'Shabab' prefix drop; no other Al Sahel in warehouse. [operator-delegated AI review 2026-07-02]"
AC-0064,oddsportal,Al Shorta,pinnacle_soccer,Al Ahed,soccer,Premier League,Ethiopia,0.7220,both_sides_near,1,Al Shorta vs Al Wahda @ 2026-06-24T14:00:00+00:00,Al Ahed,weak_similarity,reject,"Opponents never align: pick-side Al Shorta fixtures (vs Al Wahda 06-24, Umayya 07-01) are the Syrian league mislabeled 'Ethiopia'; candidate Al Ahed is Lebanese PL; 0 co-occurrences; wrong-country pair. [operator-delegated AI review 2026-07-02]"
AC-0065,oddsportal,Al Shorta,pinnacle_soccer,Al Riyadi Abassiya,soccer,Premier League,Ethiopia,0.7652,both_sides_near,1,Al Shorta vs Al Wahda @ 2026-06-24T14:00:00+00:00,Al Riyadi Abassiya,weak_similarity,reject,Opponents never align: pick-side Al Shorta is Syrian (vs Al Wahda/Umayya); candidate Al Riyadi Abassiya is Lebanese PL; 0 co-occurrences; wrong-country pair. [operator-delegated AI review 2026-07-02]
AC-0066,oddsportal,Al Shorta,pinnacle_soccer,Al Safa Beirut,soccer,Premier League,Ethiopia,0.8005,both_sides_near,1,Al Shorta vs Al Wahda @ 2026-06-24T14:00:00+00:00,Al Safa Beirut,weak_similarity,reject,Opponents never align: pick-side Al Shorta is Syrian (vs Al Wahda/Umayya); candidate Al Safa Beirut is Lebanese PL; 0 co-occurrences; wrong-country pair. [operator-delegated AI review 2026-07-02]
AC-0067,oddsportal,Al Shorta,pinnacle_soccer,Shabab Al Sahel,soccer,Premier League,Ethiopia,0.6268,both_sides_near,1,Al Shorta vs Al Wahda @ 2026-06-24T14:00:00+00:00,Shabab Al Sahel,weak_similarity,reject,Opponents never align: pick-side Al Shorta is Syrian (vs Al Wahda/Umayya); candidate Shabab Al Sahel is Lebanese PL; 0 co-occurrences; wrong-country pair. [operator-delegated AI review 2026-07-02]
AC-0068,oddsportal,Al Wahda,pinnacle_soccer,Al Ahed,soccer,Premier League,Ethiopia,0.8333,both_sides_near,1,Al Shorta vs Al Wahda @ 2026-06-24T14:00:00+00:00,Al Ahed,weak_similarity,reject,Opponents never align: pick-side Al Wahda fixture (vs Al Shorta 06-24) is Syrian; candidate Al Ahed is Lebanese PL; 0 co-occurrences; wrong-country pair. [operator-delegated AI review 2026-07-02]
AC-0069,oddsportal,Al Wahda,pinnacle_soccer,Al Riyadi Abassiya,soccer,Premier League,Ethiopia,0.7412,both_sides_near,1,Al Shorta vs Al Wahda @ 2026-06-24T14:00:00+00:00,Al Riyadi Abassiya,weak_similarity,reject,Opponents never align: pick-side Al Wahda is Syrian (vs Al Shorta); candidate Al Riyadi Abassiya is Lebanese PL; 0 co-occurrences; wrong-country pair. [operator-delegated AI review 2026-07-02]
AC-0070,oddsportal,Al Wahda,pinnacle_soccer,Al Safa Beirut,soccer,Premier League,Ethiopia,0.7167,both_sides_near,1,Al Shorta vs Al Wahda @ 2026-06-24T14:00:00+00:00,Al Safa Beirut,weak_similarity,reject,Opponents never align: pick-side Al Wahda is Syrian (vs Al Shorta); candidate Al Safa Beirut is Lebanese PL; 0 co-occurrences; wrong-country pair. [operator-delegated AI review 2026-07-02]
AC-0071,oddsportal,Al Wahda,pinnacle_soccer,Shabab Al Sahel,soccer,Premier League,Ethiopia,0.5841,both_sides_near,1,Al Shorta vs Al Wahda @ 2026-06-24T14:00:00+00:00,Shabab Al Sahel,weak_similarity,reject,Opponents never align: pick-side Al Wahda is Syrian (vs Al Shorta); candidate Shabab Al Sahel is Lebanese PL; 0 co-occurrences; wrong-country pair. [operator-delegated AI review 2026-07-02]
AC-0072,oddsportal,Jwayya,pinnacle_soccer,Jwaya,soccer,Premier League,Ethiopia,0.9667,both_sides_near,2,Jwayya vs Al Sahel @ 2026-07-02T12:30:00+00:00,Jwaya,,approve,"Co-occurs 2 fixtures identical kickoffs+orientation (Al Ansar 06-24 19:00 A exact opponent, Shabab Al Sahel 07-02 12:30 H), Lebanon PL both sides; Jwayya/Jwaya transliteration variant. [operator-delegated AI review 2026-07-02]"
AC-0073,oddsportal,Racing,pinnacle_soccer,Racing Beirut,soccer,Premier League,Ethiopia,0.8923,both_sides_near,3,Al Riyadi Abbasiyah vs Racing @ 2026-07-02T13:00:00+00:00; Nejmeh SC vs Racing @ 2026-06-29T13:00:00+00:00,Racing Beirut,weak_similarity|city_club_ambiguity|known_false_pattern,reject,"known_false_pattern (literal seed known-false: bare 'Racing' is a generic base — Racing Club/Racing Santander class) — mandate reject despite 2 co-occurring fixtures (Nejmeh 06-29 13:00 exact, Al Riyadi 07-02 13:00); recall needs a scoped fix, not a generic-base alias. [operator-delegated AI review 2026-07-02]"
AC-0074,oddsportal,Zhenis,pinnacle_soccer,Zhenys,soccer,Premier League,Kazakhstan,0.9333,single_side_nearmiss,1,FC Astana vs Zhenis @ 2026-07-03T14:00:00+00:00,Zhenys,,reject,Thin evidence: 1 co-occurring fixture (Astana 07-03 14:00 exact); fewer than 2; archive 'Zhenys' name is also reused in the Kazakhstan Women league — re-export next batch. [operator-delegated AI review 2026-07-02]
AC-0075,oddsportal,Fenix,pinnacle_soccer,Club Atletico Fenix,soccer,Primera C,Argentina,0.5143,single_side_nearmiss,3,Fenix vs General Lamadrid @ 2026-06-29T18:00:00+00:00,Club Atletico Fenix,weak_similarity|city_club_ambiguity|known_false_pattern,reject,known_false_pattern (literal seed known-false; bare 'Fenix' is generic — CA Fenix Uruguay etc.) — mandate reject; also only 1 co-occurring fixture (General Lamadrid 06-29 exact). [operator-delegated AI review 2026-07-02]
AC-0076,oddsportal,Redlands,pinnacle_soccer,Redlands United,soccer,Queensland Premier League,Australia,0.9067,single_side_nearmiss,2,Logan Lightning vs Redlands @ 2026-06-30T10:30:00+00:00; Holland Park Hawks vs Redlands @ 2026-06-26T10:30:00+00:00,Redlands United,same_country_common_name|city_club_ambiguity|known_false_pattern,reject,"known_false_pattern (literal seed known-false) — mandate reject. Tempted: 2 exact co-occurrences (Holland Park Hawks 06-26 10:30, Logan Lightning 06-30 10:30, QLD Premier League both sides); escalate if recall wanted. [operator-delegated AI review 2026-07-02]"
AC-0077,oddsportal,SER Caxias,pinnacle_soccer,Caxias,soccer,Serie C,Brazil,0.8667,single_side_nearmiss,1,SER Caxias vs Anapolis @ 2026-06-30T22:30:00+00:00,Caxias,weak_similarity|city_club_ambiguity,reject,Thin evidence: 1 exact co-occurring fixture (Anapolis 06-30 22:30); bare 'Caxias' also risks SER Caxias vs Duque de Caxias confusion; fewer than 2. [operator-delegated AI review 2026-07-02]
AC-0078,oddsportal,Masters FC,pinnacle_soccer,Masters Security,soccer,Super League,China,0.8875,single_side_nearmiss,1,Big Bullets vs Masters FC @ 2026-06-29T12:30:00+00:00,Masters Security,weak_similarity|city_club_ambiguity,reject,Thin evidence: 1 exact co-occurring fixture (Big Bullets 06-29 12:30); pick-side league labeled 'Super League|China' vs archive 'Malawi - Super League' (league-name collision on the pick side; club is Malawian Masters Security); fewer than 2. [operator-delegated AI review 2026-07-02]
AC-0079,oddsportal,Gimnasia E.R.,pinnacle_soccer,Gimnasia y Esgrima de Concepcion,soccer,Torneo Federal,Argentina,0.8583,single_side_nearmiss,1,Atletico Escobar vs Gimnasia E.R. @ 2026-06-28T18:30:00+00:00,Gimnasia y Esgrima de Concepcion,weak_similarity|same_country_common_name,reject,Thin evidence: 1 exact co-occurring fixture (Atletico Escobar 06-28 18:30); Argentina has many Gimnasia clubs and the 'E.R.' expansion is unproven with fewer than 2 fixtures. [operator-delegated AI review 2026-07-02]
AC-0080,oddsportal,Fort Lauderdale,pinnacle_soccer,Fort Lauderdale United,soccer,USL League Two,USA,0.9364,single_side_nearmiss,1,Miami City vs Fort Lauderdale @ 2026-07-01T23:00:00+00:00,Fort Lauderdale United,same_country_common_name|city_club_ambiguity|known_false_pattern,reject,known_false_pattern ('united' disambiguating-token class) — mandate reject; also only 1 co-occurring fixture (Miami City 07-01 23:00 exact). [operator-delegated AI review 2026-07-02]
AC-0081,oddsportal,ML Vitebsk,pinnacle_soccer,Maxline Vitebsk,soccer,Vysshaya Liga,Belarus,0.8250,single_side_nearmiss,1,Slavia Mozyr vs ML Vitebsk @ 2026-07-01T17:30:00+00:00,Maxline Vitebsk,weak_similarity,reject,Thin evidence: 1 co-occurring fixture (Slavia Mozyr 07-01 17:30 exact); ML->Maxline is the benign expansion class but fewer than 2 co-occurring fixtures (B side missed the 06-27 Naftan game) — re-export next batch. [operator-delegated AI review 2026-07-02]
AC-0082,oddsportal,Jazz Pori,pinnacle_soccer,Jazz,soccer,Ykkonen,Finland,0.4815,single_side_nearmiss,3,Jazz Pori vs Tampere Utd @ 2026-06-25T16:00:00+00:00; Jazz Pori vs KPV Kokkola @ 2026-07-02T16:00:00+00:00,Jazz,weak_similarity|city_club_ambiguity|known_false_pattern,reject,"known_false_pattern (literal seed known-false; bare 'Jazz' is a generic base) — mandate reject; 1 exact co-occurrence (Tampere United 06-25) noted, insufficient anyway. [operator-delegated AI review 2026-07-02]"
AC-0083,oddsportal,KPV Kokkola,pinnacle_soccer,KPV,soccer,Ykkonen,Finland,0.8303,both_sides_near,2,Jazz Pori vs KPV Kokkola @ 2026-07-02T16:00:00+00:00,KPV,weak_similarity|city_club_ambiguity,reject,"Thin evidence: 1 co-occurring fixture (Jazz pair 07-02, opponent itself known-false-flagged); fewer than 2. [operator-delegated AI review 2026-07-02]"
AC-0084,oddsportal,dejong j,pinnacle_tennis,fonseca j,tennis,ATP Wimbledon,United Kingdom,0.6269,both_sides_near,1,De Jong J. vs Fonseca J. @ 2026-07-01T14:15:00+00:00,fonseca j,weak_similarity,reject,Wrong-game class: De Jong and Fonseca are the two OPPONENTS of the same Wimbledon R2 match 07-01 (both_sides_near cross-pair); tennis initial-veto territory; never alias. [operator-delegated AI review 2026-07-02]
AC-0085,oddsportal,dejong j,pinnacle_tennis,jong j,tennis,ATP Wimbledon,United Kingdom,0.9167,single_side_nearmiss,1,De Jong J. vs Fonseca J. @ 2026-07-01T14:15:00+00:00,jong j,,reject,"Same player (Jesper De Jong) but only 1 co-occurring fixture (vs Fonseca 07-01; the Hijikata R1 legs are ~29h apart, outside 6h) AND the gap is a canonical_tennis_name particle inconsistency ('De Jong J.'->'dejong j' vs 'Jesper De Jong'->'jong j') — fix belongs in tennis_names normalization, not a team-alias entry; a bare 'jong j' alias would merge any surname-Jong player. [operator-delegated AI review 2026-07-02]"
AC-0086,oddsportal,fonseca j,pinnacle_tennis,jong j,tennis,ATP Wimbledon,United Kingdom,0.7037,both_sides_near,1,De Jong J. vs Fonseca J. @ 2026-07-01T14:15:00+00:00,jong j,weak_similarity,reject,Wrong-game class: the two opponents of the same Wimbledon match 07-01 (cross-pair); never alias. [operator-delegated AI review 2026-07-02]
